"id","group","function","status","evidence","limit"
"N01","Navigation","Home and primary navigation","PASS","live-20260924;C01-C03","Observed desktop navigation"
"N02","Navigation","Desktop layout at 1366x768","PASS","C01-C03;E06","Sampled pages only"
"N03","Navigation","Mobile layout at 390x844","PARTIAL","C10;E06","Search reader report sampled; not all views or keyboard paths"
"N04","Navigation","Privacy and terms pages","PASS","live-20260925-public","Two public information pages loaded"
"S01","Search","Exact document-number lookup","PASS","live-20260925-search;C02","One known statute 45/2019/QH14"
"S02","Search","Title or broad topic lookup","PARTIAL","C01","Title-number scope and 20-result cap; body unavailable"
"S03","Search","Displayed document-type filter","PASS","F06-postdeploy","Known law and circular retested after fix"
"S04","Search","Issuing-authority filter","PASS","C18","One known record"
"S05","Search","Issue-date filters and sort","PASS","live-20260925-search-date-and-sort","Date inclusion/exclusion plus newest and oldest ordering sampled on broad Bộ luật query; first five visible dates checked"
"S06","Search","Empty result","PASS","C17","One implausible number"
"S07","Search","Pagination beyond 20 results","FAIL","live-20260925-broad-metadata-search","Production returns 20 matches for Bộ luật with no next-page control; local fix implemented but not deployed"
"S08","Search","Article and body full-text search","FAIL","live-20260925-search","Production explicitly says content index unavailable"
"R01","Reader","Structural table of contents and section jump","PASS","live-20260925-reader;C10","One statute with 237 sections"
"R02","Reader","Official source and exact section text","PASS","C10","One article cross-checked against official PDF"
"R03","Reader","Pin a section into workspace","NOT_TESTED","UI-20260925","Control visible; no submitted pin"
"R04","Reader","Document legal-status label","PARTIAL","live-20260925-search;live-20260925-status","Unknown shown honestly; no published events"
"C01","Chat","Document-scoped answer","PARTIAL","C10","85-percent conclusion correct; direct citation mapping 1 of 5 displayed claims"
"C02","Chat","General full-corpus question","NOT_TESTED","UI-20260925","No new general chat run"
"C03","Chat","Reopen saved session after reload","PASS","C10","One session"
"C04","Chat","Submit feedback","NOT_TESTED","UI-20260925","No new feedback submitted"
"C05","Chat","Rename or export session","NOT_TESTED","UI-20260925","Controls visible; content not inspected"
"C06","Chat","Delete session","NOT_TESTED","route-inventory","No deletion performed"
"C07","Chat","Create session through chat","PASS","C10","One document-scoped chat produced a reopenable session"
"W01","Workspace","Create workspace","PASS","C03","One audit workspace"
"W02","Workspace","Selected evidence persists across tabs","PASS","C05;E07","Two evidence IDs"
"W03","Workspace","Isolation of two workspaces within account","PASS","C14","Zero evidence documents reports in second workspace"
"W04","Workspace","Edit workspace metadata","NOT_TESTED","UI-20260925","Control visible only"
"W05","Workspace","Expiration and deletion","NOT_TESTED","route-inventory","No expiry or deletion run"
"O01","Official source","AI keyword research plan","PASS","C03","Five editable suggestions"
"O02","Official source","Discover relevant official record","PARTIAL","C03","Official labor code found alongside unrelated metadata hits"
"O03","Official source","Read official PDF with extracted text","PASS","C03;F01-postdeploy","12 of 94 pages sampled"
"O04","Official source","Continue PDF in bounded page groups","PASS","C03","Three groups gave 12 unique pages"
"O05","Official source","Read-versus-unread page labeling","PASS","F01-postdeploy","12 read and 82 unread distinguished"
"O06","Official source","Read full official HTML body","NOT_TESTED","COVERAGE-20260924","Metadata page only"
"O07","Official source","OCR scanned official PDF","NOT_TESTED","COVERAGE-20260924","No known scan used live"
"O08","Official source","Reopen saved source without AI","PASS","C03;E01","One retained source"
"O09","Official source","Pin exact quote and refresh count","PASS","F02-postdeploy","Two successive pins changed 3 to 4 to 5 and persisted"
"O10","Official source","Reject fabricated quote","PASS","C15","One invented quote rejected"
"O11","Official source","Search inside retained source","PASS","C16","Two matches on 12 saved pages"
"A01","Analysis","Answer from selected evidence","PASS","C05","One two-excerpt question; current legal effect unverified"
"A02","Analysis","Retained-source relevant passage selection","PASS","C06;F05-postdeploy","One 10-of-37 passage answer and provider usage recorded"
"A03","Analysis","Retained-source full mode","PASS","F05-postdeploy","One 15-of-15 passage run and usage recorded"
"A04","Analysis","Compare two evidence groups","NOT_TESTED","UI-20260925","No two-source comparison run"
"A05","Analysis","Obligations extraction","NOT_TESTED","UI-20260925","Control visible only"
"A06","Analysis","Legal timeline","NOT_TESTED","UI-20260925","Control visible only"
"A07","Analysis","Legal-effect analysis","NOT_TESTED","UI-20260925","No reviewed event path"
"A08","Analysis","Claim verification","NOT_TESTED","UI-20260925","Control visible only"
"A09","Analysis","Model comparison","NOT_TESTED","UI-20260925","No provider comparison run"
"D01","Documents","Upload Unicode TXT and extract clauses","PASS","C11","Five extracted units in one synthetic document"
"D02","Documents","ASCII heading extraction","PARTIAL","C12","One unit versus five with Vietnamese headings"
"D03","Documents","Upload PDF or DOCX","NOT_TESTED","COVERAGE-20260924","TXT only"
"D04","Documents","Original-file download integrity","NOT_TESTED","UI-20260925","Bytes not inspected"
"D05","Documents","Pin extracted clause","NOT_TESTED","COVERAGE-20260924","No pin run"
"D06","Documents","Remove uploaded document","NOT_TESTED","route-inventory","No deletion performed"
"V01","Review","Full-document batch and coverage","PASS","C11","One five-unit document reached 5 of 5"
"V02","Review","Findings against selected legal excerpts","PASS","C11","Two intentionally wrong clauses matched excerpts"
"V03","Review","Unsupported finding handling","PASS","C11","Third finding marked needs verification"
"V04","Review","Reopen persisted findings","PASS","C11;E05","Three findings persisted"
"V05","Review","Finding decision notes and history","NOT_TESTED","UI-20260925","No decision written"
"V06","Review","Redline between two uploads","NOT_TESTED","UI-20260925","No redline run"
"P01","Report","Generate grounded draft","PARTIAL","C07;F03-postdeploy","Earlier failures and one later success; reliability unmeasured"
"P02","Report","Edit and version draft","PASS","C08","One edited version persisted with earlier link"
"P03","Report","Open saved draft with citation links","PASS","live-20260925-report","One saved report reopened with two source anchors"
"P04","Report","Markdown and DOCX export integrity","PARTIAL","C09","Download events observed; bytes not inspected"
"P05","Report","Print or save PDF","NOT_TESTED","UI-20260925","Print artifact not inspected"
"I01","Identity","Existing authenticated account and settings","PASS","live-20260925-settings","One admin account; no second role"
"I02","Identity","Register and email verification","NOT_TESTED","route-inventory","No regular account exists"
"I03","Identity","Login logout and password reset","PARTIAL","live-20260925-synthetic-user","Regular login 303 and authenticated settings 200; logout/password reset not tested"
"I04","Identity","User data JSON export integrity","PASS","live-20260925-synthetic-user","Owner JSON export 200; user ID matches and password hash absent; one synthetic account"
"I05","Identity","Revoke own or other sessions","PARTIAL","live-20260925-admin-disable","Admin disable revoked all synthetic-user sessions; self-service revoke not tested"
"I06","Identity","Delete history or account","NOT_TESTED","UI-20260925","Irreversible action not exercised"
"I07","Identity","Admin daily demo quota exemption","PARTIAL","live-20260925-settings;remediation-20260924","UI and local tests; live limit crossing not run"
"I08","Identity","Regular-user daily quota","PARTIAL","live-20260925-synthetic-user","Regular account showed 20 daily demo requests; quota exhaustion not tested"
"M01","Admin","Operations overview read","PASS","live-20260925-admin","56 retained requests at observation"
"M02","Admin","Request list and filters","PASS","live-20260925-admin-requests","Status research_report_ok filter returned four matching rows; other filters untested"
"M03","Admin","Request detail and provider token view","PASS","C13;F04-postdeploy;F05-postdeploy","Sampled chat review and retained-source details"
"M04","Admin","Usage accounting","PARTIAL","live-20260925-admin-usage","Provider-reported usage omits embedding reranking and money"
"M05","Admin","Provider configuration view","PARTIAL","live-20260925-admin-providers","Configuration displayed; availability not probed"
"M06","Admin","System readiness dashboard","PARTIAL","live-20260925-admin-system","Ready cards; per-process counters and Logfire unverified"
"M07","Admin","User list read","PASS","live-20260925-admin-users","One active verified admin"
"M08","Admin","User status and session mutation","PASS","live-20260925-admin-disable-and-audit","Synthetic regular user disabled; old session denied 401; audit account_disabled recorded; fixture removed"
"M09","Admin","Corpus metadata-quality queue","PARTIAL","live-20260925-admin-corpus","Empty visible page; not full-corpus validation"
"M10","Admin","Feedback list read","PASS","live-20260925-admin-feedback","Negative feedback items visible"
"M11","Admin","Feedback triage and regression draft","NOT_TESTED","UI-20260925","No status mutation or draft opened"
"M12","Admin","Saved evaluation dashboard","PARTIAL","live-20260925-admin-evaluations","50 of 50 saved cases; no quality_gate.json"
"M13","Admin","Legal registry read","PARTIAL","live-20260925-admin-registry","No published record"
"M14","Admin","Publish or withdraw legal event","BLOCKED","live-20260925-admin-registry","No reviewed event to publish; human authority required"
"M15","Admin","Audit log read","PASS","live-20260925-admin-audit","Rows and pagination rendered"
"M16","Admin","Legacy stats and logs read","PASS","live-20260925-admin-legacy","Read-only pages render; duplicated views"
"M17","Admin","CSV export integrity","NOT_TESTED","route-inventory","Bytes not inspected"
"X01","Operations","Production deployment ready","PASS","remediation-20260924","Ready Latest Production checked for runtime 5104921"
"X02","Operations","Health and readiness JSON endpoints","PASS","live-20260925-httpx-system-ca","GET healthz 200 ok and readyz 200 ready; one live moment"
"X03","Operations","Progress stream and failure recovery","NOT_TESTED","route-inventory","No induced live failure"
"X04","Operations","Rate limit and provider failure handling","NOT_TESTED","route-inventory","No quota exhaustion or fault injection"
"X05","Security","Cross-account authorization","PARTIAL","live-20260925-synthetic-user","Regular user admin 403; other-owner workspace 404; wrong CSRF 403; sampled paths only"
"X06","Quality","Full-corpus retrieval benchmark","BLOCKED","production-corpus-coverage","Current v3 corpus incomplete; no fresh live benchmark"
"X07","Quality","Current legal-effect correctness","BLOCKED","live-20260925-status","Registry has no published events"
"X09","Quality","Public saved evaluation lab","PARTIAL","live-20260925-evaluation-lab","50 of 50 saved cases visible; quality gate absent and no new run"
"X08","Efficiency","Context selection and provider tokens","PARTIAL","C05;C06;F05-postdeploy","Two source runs; no same-input A-B cost test"
